participant_id,group,gender,age,education,anx_pre_1,anx_pre_2,anx_pre_3,anx_pre_4,anx_pre_5,anx_post_1,anx_post_2,anx_post_3,anx_post_4,anx_post_5,anx_fup_1,anx_fup_2,anx_fup_3,anx_fup_4,anx_fup_5,inf_pre_1,inf_pre_2,inf_pre_3,inf_pre_4,inf_pre_5,inf_post_1,inf_post_2,inf_post_3,inf_post_4,inf_post_5,inf_fup_1,inf_fup_2,inf_fup_3,inf_fup_4,inf_fup_5,anxiety_pre,anxiety_post,anxiety_followup,inflex_pre,inflex_post,inflex_followup
P01,1,1,37,1,4,5,4,4,4,3,2,3,3,2,2,3,3,3,3,4,4,4,4,4,2,3,1,2,3,3,2,2,2,2,4.242,2.64,2.774,3.974,2.17,2.228
P02,1,2,34,2,3,4,4,3,4,2,3,2,2,3,2,2,2,2,2,5,4,5,4,3,2,2,2,2,3,2,2,2,2,3,3.646,2.372,2.035,4.233,2.164,2.244
P03,1,2,39,2,3,3,3,3,4,2,2,2,1,3,2,3,2,2,2,4,4,4,4,3,2,3,2,3,2,3,2,2,3,2,3.174,1.975,2.233,3.753,2.374,2.37
P04,1,2,36,2,2,3,3,3,2,2,2,2,2,1,2,2,2,2,3,5,4,4,5,4,3,3,3,3,3,2,3,3,2,3,2.562,1.775,2.179,4.435,2.95,2.571
P05,1,1,42,2,4,4,4,4,4,3,3,2,3,3,3,3,3,3,3,4,4,3,4,4,3,3,2,2,2,2,3,3,3,2,4.041,2.822,3.044,3.826,2.449,2.573
P06,1,1,45,2,4,4,4,4,4,2,3,2,3,3,3,3,2,3,3,5,5,5,5,5,3,3,3,3,2,3,3,3,3,2,4.04,2.574,2.778,4.978,2.761,2.776
P07,1,1,47,2,4,3,4,4,4,3,3,3,2,2,3,3,3,3,3,4,4,4,4,4,3,2,1,2,2,2,2,2,2,3,3.832,2.56,2.966,4.041,1.956,2.228
P08,1,2,46,2,3,3,2,2,3,2,3,2,2,3,2,2,2,2,3,3,3,2,3,3,2,2,2,1,2,2,2,2,2,2,2.62,2.354,2.163,2.831,1.759,1.969
P09,1,2,49,1,4,4,4,4,4,3,3,3,2,3,2,3,2,3,2,3,2,3,3,3,1,2,1,1,2,1,2,2,2,2,4.037,2.756,2.439,2.755,1.362,1.84
P10,1,2,49,1,3,3,3,3,3,3,2,3,3,2,2,2,2,2,2,4,4,4,4,4,2,2,3,3,3,3,3,3,2,2,3.028,2.641,1.959,4.04,2.622,2.578
P11,1,1,49,1,4,3,4,4,4,2,2,3,3,2,2,2,2,3,2,3,4,4,3,3,2,3,3,3,2,2,3,2,2,1,3.834,2.423,2.172,3.356,2.566,1.974
P12,1,2,34,2,5,4,4,5,5,3,3,3,3,3,2,2,2,3,2,4,4,4,4,4,2,2,2,2,3,3,2,3,3,3,4.649,2.971,2.22,4.028,2.24,2.756
P13,1,2,30,1,3,3,3,3,3,1,2,2,2,2,2,2,2,2,2,4,4,4,4,4,2,2,1,2,2,2,2,3,3,2,2.968,1.829,1.958,3.959,1.76,2.376
P14,1,1,50,2,3,4,3,3,4,2,3,2,2,1,2,2,2,3,2,4,4,4,3,4,3,3,2,3,2,3,2,2,2,2,3.355,1.973,2.236,3.828,2.631,2.17
P15,1,1,36,3,3,3,3,4,3,3,2,3,2,3,2,2,2,3,3,3,3,3,3,3,1,2,2,2,2,2,2,1,2,2,3.174,2.565,2.445,3.048,1.848,1.846
P16,1,1,34,1,4,4,3,3,3,3,1,2,2,2,3,3,2,2,2,3,3,3,3,3,2,2,3,2,2,3,2,3,3,2,3.36,2.036,2.445,3.039,2.175,2.575
P17,1,1,22,2,3,3,3,3,2,2,2,2,2,1,1,2,2,2,2,3,4,3,3,2,2,1,1,2,2,1,2,1,2,2,2.751,1.831,1.845,2.97,1.565,1.578
P18,1,2,46,2,4,3,3,4,3,3,2,2,2,2,2,3,3,2,3,4,4,4,4,4,2,2,3,3,2,2,3,3,3,3,3.377,2.169,2.565,3.972,2.441,2.765
P19,1,1,28,1,3,3,3,3,3,3,3,3,3,2,2,2,2,3,3,3,4,3,4,3,3,2,2,3,2,2,2,1,2,3,3.02,2.755,2.37,3.374,2.441,2.029
P20,1,1,30,1,3,4,3,3,4,3,2,3,3,2,3,2,3,3,4,2,2,3,2,2,2,2,2,2,2,2,2,3,2,2,3.433,2.644,2.956,2.159,1.961,2.237
P21,1,2,45,1,4,2,3,2,3,2,2,2,3,3,2,3,3,2,3,4,4,4,4,4,2,3,3,2,2,2,2,2,2,3,2.777,2.371,2.566,4.027,2.428,2.244
P22,1,1,22,1,4,4,4,4,4,3,2,3,2,3,3,3,2,3,2,4,4,4,4,4,2,3,2,3,2,2,3,2,2,2,3.958,2.647,2.574,4.038,2.425,2.224
P23,1,1,33,3,3,3,3,3,3,3,2,2,2,2,2,3,2,2,2,4,3,3,3,3,1,2,2,2,2,2,1,2,2,1,3.047,2.151,2.246,3.172,1.839,1.563
P24,1,1,29,2,3,4,4,3,3,2,1,2,1,3,2,2,2,2,2,4,4,4,3,4,2,2,2,2,3,2,2,2,3,2,3.433,1.77,1.954,3.76,2.162,2.165
P25,1,2,45,2,4,4,5,4,4,3,2,3,3,3,2,3,3,3,3,3,3,4,4,4,2,2,3,2,2,1,3,2,3,2,4.228,2.831,2.766,3.556,2.225,2.176
P26,1,2,52,3,3,3,3,3,3,2,2,2,2,2,3,2,2,1,2,4,3,2,3,3,2,2,2,2,2,2,2,2,1,2,2.967,2.035,1.978,3.043,2.041,1.839
P27,1,1,32,2,3,4,3,4,3,2,2,3,2,1,2,2,2,2,2,4,4,4,4,4,2,3,3,2,3,4,3,3,3,2,3.442,2.048,2.032,3.957,2.634,2.972
P28,1,2,40,1,4,4,4,4,3,2,3,2,1,3,3,3,3,3,2,4,4,4,4,4,2,3,2,2,2,2,2,2,2,1,3.78,2.246,2.844,3.974,2.16,1.765
P29,1,2,38,3,3,2,2,2,3,1,1,2,2,1,1,1,1,2,1,4,4,4,4,4,2,2,2,2,2,2,2,3,2,2,2.362,1.423,1.153,4.023,1.955,2.222
P30,1,1,29,2,4,4,3,3,4,2,2,2,2,1,2,3,3,3,2,4,4,5,5,4,3,3,3,3,3,3,3,2,3,3,3.638,1.832,2.626,4.441,3.025,2.834
P31,2,2,24,2,4,3,4,3,3,4,4,4,4,4,3,3,4,4,3,3,3,2,3,3,3,2,3,2,3,3,2,4,4,3,3.439,4.037,3.378,2.769,2.579,3.229
P32,2,1,24,3,3,4,3,3,3,3,3,4,3,4,4,3,3,3,4,3,3,3,3,3,3,3,3,3,3,3,3,3,4,3,3.173,3.365,3.354,3.033,3.043,3.155
P33,2,1,22,1,3,3,3,3,3,3,4,4,4,4,3,2,2,2,4,5,4,4,4,5,4,4,4,4,3,3,3,3,4,3,3.041,3.774,2.632,4.379,3.762,3.178
P34,2,2,48,1,3,2,2,2,3,3,3,2,2,3,2,3,3,3,3,4,4,4,5,4,4,4,4,3,4,4,4,3,4,3,2.423,2.554,2.836,4.228,3.759,3.633
P35,2,2,26,1,4,4,3,4,4,4,4,4,4,4,4,3,3,4,3,4,4,4,4,4,4,4,4,4,4,4,3,3,4,3,3.774,4.04,3.351,3.979,4.045,3.366
P36,2,2,31,2,4,4,3,3,4,4,4,4,4,4,4,3,3,3,4,4,5,5,5,5,5,5,5,5,5,5,5,5,5,5,3.646,4.045,3.378,4.754,4.956,5.0
P37,2,1,28,2,3,4,3,4,4,4,4,4,4,4,4,4,3,4,4,4,3,4,4,4,4,4,3,3,4,4,3,4,4,4,3.558,4.046,3.839,3.773,3.551,3.837
P38,2,1,47,3,4,4,3,3,3,4,3,4,4,4,3,4,2,3,3,3,3,4,4,5,4,4,5,4,5,4,4,5,5,4,3.38,3.758,2.978,3.763,4.364,4.36
P39,2,2,30,1,3,3,3,4,3,3,3,3,4,3,3,3,4,4,3,4,4,4,3,4,4,4,3,4,4,4,5,3,4,4,3.227,3.233,3.431,3.821,3.835,4.043
P40,2,1,49,2,3,4,4,4,3,3,3,4,4,4,5,4,4,5,4,4,4,4,4,4,4,4,4,3,4,4,3,4,4,4,3.574,3.638,4.356,4.04,3.768,3.846
P41,2,1,28,2,3,4,3,4,3,4,3,3,4,3,3,3,3,3,3,3,3,4,3,3,3,3,3,4,3,3,4,3,4,4,3.372,3.375,3.033,3.23,3.175,3.629
P42,2,2,30,1,2,3,4,3,4,3,3,3,4,3,4,3,2,3,3,3,3,4,4,3,4,4,4,4,4,3,3,4,4,4,3.227,3.24,2.95,3.447,4.037,3.564
P43,2,1,29,1,5,4,5,4,4,4,5,4,5,4,5,5,4,4,4,3,3,3,3,3,3,3,2,3,3,3,3,3,3,3,4.422,4.375,4.363,2.953,2.772,3.045
P44,2,2,33,1,4,3,4,4,4,4,4,4,4,4,3,3,4,4,4,3,4,4,3,3,3,4,4,2,4,4,3,3,3,3,3.834,3.959,3.63,3.37,3.352,3.25
P45,2,1,23,3,2,3,2,3,3,3,3,3,3,3,3,3,2,4,3,3,3,3,4,3,3,3,4,3,3,3,3,2,3,3,2.558,3.027,2.973,3.247,3.163,2.847
P46,2,2,22,1,3,4,4,4,4,3,4,3,4,3,4,4,4,4,3,2,3,4,3,3,3,3,3,3,3,3,4,4,3,4,3.762,3.424,3.769,3.05,2.962,3.631
P47,2,1,37,2,3,3,3,3,4,2,3,3,3,3,3,3,3,3,3,5,4,5,5,4,5,5,5,5,5,5,5,5,5,4,3.24,2.825,3.031,4.645,4.969,4.826
P48,2,2,44,2,5,4,4,4,4,4,4,2,4,4,4,4,4,4,4,3,3,3,2,3,2,2,3,3,3,3,2,3,3,2,4.178,3.58,3.978,2.845,2.622,2.635
P49,2,2,44,1,4,4,5,5,4,4,4,5,4,5,4,4,4,4,5,5,4,3,4,3,4,4,4,4,3,4,4,4,4,4,4.449,4.358,4.169,3.827,3.821,4.042
P50,2,1,51,3,2,2,3,3,3,3,3,2,3,2,2,3,2,3,3,2,2,2,3,3,3,3,3,2,2,3,3,3,4,3,2.645,2.558,2.566,2.363,2.567,3.165
P51,2,2,45,3,4,4,5,4,4,5,5,4,5,4,4,4,5,4,4,3,3,4,3,3,3,3,3,2,3,3,3,3,3,3,4.156,4.635,4.242,3.178,2.777,2.966
P52,2,2,26,1,3,4,3,4,4,3,4,3,3,4,3,3,3,2,4,4,4,4,5,3,4,4,4,4,4,5,4,5,4,4,3.645,3.425,3.04,3.977,3.962,4.445
P53,2,2,24,2,3,3,4,4,4,3,4,4,4,4,4,4,4,5,3,3,3,3,3,3,4,3,3,4,3,3,4,2,3,3,3.552,3.823,4.041,3.05,3.446,2.969
P54,2,2,33,1,4,5,5,4,4,4,4,5,4,4,4,4,4,4,4,3,3,3,3,2,3,2,3,3,3,2,3,3,2,2,4.364,4.221,3.98,2.83,2.846,2.354
P55,2,2,29,1,3,2,3,3,4,3,3,3,3,3,4,4,3,3,3,3,3,3,3,3,3,2,3,3,3,3,3,3,3,4,3.026,2.975,3.373,3.042,2.76,3.232
P56,2,2,43,1,3,4,4,3,3,3,3,3,3,3,2,3,3,3,3,4,4,4,5,4,4,4,4,4,4,3,4,4,4,4,3.361,2.953,2.76,4.244,3.974,3.77
P57,2,1,48,2,4,3,3,2,3,3,4,3,3,3,3,3,3,3,3,3,3,3,3,2,3,4,3,3,3,3,3,3,3,2,3.042,3.173,2.965,2.754,3.246,2.834
P58,2,1,24,2,3,3,3,3,3,3,3,3,3,2,4,4,4,4,4,4,3,4,4,4,4,4,2,3,4,4,4,4,4,3,2.958,2.769,4.02,3.75,3.353,3.843
P59,2,1,22,1,3,3,4,3,4,2,4,3,4,3,3,4,3,4,3,3,4,3,4,4,3,4,4,4,4,4,4,3,3,3,3.364,3.223,3.356,3.627,3.826,3.424
P60,2,1,24,1,3,4,4,3,4,4,3,3,4,4,4,4,3,3,4,3,3,3,3,3,4,4,3,4,3,3,3,3,3,3,3.578,3.627,3.557,2.979,3.642,3.026
